text,label,sender,device
"EXCLUSIVE: Elon Musk reveals secret to making $150,000/month! Learn how: http://verify-account.top/login",1,update150@lucky-winner.cf,Unknown
"Hi Sophie, I've updated the shared financial with the latest numbers. Please take a look when you get a chance.",0,awilson@company.com,Android (Gmail App)
"Hi Rachel, just checking if you received my previous email about the cybersecurity. Please let me know.",0,jenniferp@company.com,Chromebook (Gmail Web)
"URGENT: IRS notice - you owe $500,000 in back taxes. Pay immediately to avoid arrest: http://urgent-update.info/act",1,deals-service@amaz0n-verify.net,Android (Gmail App)
"Dear Professor James, I have a question about the product development assignment due on Wednesday. Could I visit during office hours?",0,david.smith@media.com,MacOS (Gmail Web)
URGENT NOTICE: Your Capital One card ending in 2244 has been blocked. Unblock here: http://exclusive-deal.bid/buy,1,deals745@free-gift-cards.biz,Mass Mail Server
"CONGRATULATIONS! Your email was selected in our online lottery! Prize: $2,500. Claim: https://bit.ly/3xFAKE1",1,reward-dept@free-prizes-now.xyz,Bot Sender
"Hey James, great presentation today! The team really liked your ideas about budget planning.",0,yuki_martinez@hospital.org,Windows PC (Outlook)
DISCOUNT ALERT: 16% off all fitness tracker! Today only! Use code FREE20: http://free-offer.click/get,1,lucky-service@lucky-winner.cf,Windows PC (Outlook)
"YOU WON'T BELIEVE THIS DEAL! Nike shoes for only $199! Regular price $100,000! Order: http://act-now-win.xyz/prize",1,noreply@free-gift-cards.biz,iPhone (iOS Mail)
"Dear Emma, enclosed is the contract for your review. Please sign and return by April 1.",0,emma.hall@workplace.org,Web (Outlook.com)
"YOU HAVE BEEN SELECTED for a special government grant of $150,000. Apply now: http://promo-special.ga/offer",1,deals-team@support-paypa1.com,Android (Gmail App)
"Good evening Emma, just wanted to say thank you for helping with the Summit project. Really appreciate it.",0,sophia.chen@lawfirm.com,Windows PC (Windows Mail)
"Dear valued customer, you are eligible for a CASH BACK reward of $100,000. Claim before March 20: http://exclusive-deal.bid/buy",1,support262@insurance-deal.top,Mass Mail Server
"Dear customer, your Wells Fargo account needs immediate verification. Click here to confirm: http://claim-prize-now.xyz/win URGENT!",1,alert-service@discount-meds.info,iPhone (iOS Mail)
"ACT NOW! Free smart TV worth $250,000! No strings attached! Visit: http://secure-bank.ml/verify",1,info146@security-update.top,Bot Sender
Your HSBC account has suspicious activity. Verify your credentials NOW to prevent fraud: http://claim-prize-now.xyz/win,1,helpdesk111@crypto-invest.xyz,Web (Proxy)
"Hey James, I found that article about cloud migration you were looking for. I'll forward it to you.",0,chris_jones@media.com,MacOS (Gmail Web)
"Hi Tom, just checking if you received my previous email about the HR policy. Please let me know.",0,jennifer.anderson@government.gov,Chromebook (Gmail Web)
"Dear Maria, your flight confirmation for April 22 is attached. Check-in opens 24 hours before departure.",0,bjohnson@yahoo.com,Chromebook (Gmail Web)
"You won't believe this! Make $100,000 per week working from home. No experience needed! Sign up: http://secure-bank.ml/verify",1,update-team@support-paypa1.com,Android (Gmail App)
"Hi Mike, I just finished reviewing the annual. Great work! A few minor suggestions are in the comments.",0,jasond@yahoo.com,Android (Outlook App)
"Dear Mike, your subscription has been renewed. Your next billing date is March 5. Thank you for being a member.",0,melissad@government.gov,Web (Gmail)
"Hi Sophie, please remember to submit your compliance by end of day Thursday. Thank you.",0,mmartinez@workplace.org,Android (Samsung Mail)
"Lisa, can you send me the updated marketing plan file? I need it for the presentation on Thursday.",0,jamesw@outlook.com,Linux (Thunderbird)
"Dear Kevin, your library books are due on March 5. Please return or renew them to avoid late fees.",0,diana_miller@company.com,Web (Outlook.com)
"Kevin, the new cybersecurity policy has been updated. Please review the attached document at your convenience.",0,annac@outlook.com,Web (Outlook.com)
"Hi Emma, I just finished reviewing the marketing plan. Great work! A few minor suggestions are in the comments.",0,grace_kim@techcorp.com,Web (Yahoo Mail)
"Dear John, your medical test results are ready. Please log in to the patient portal or call our office.",0,priya.santos@bank.com,Android (Outlook App)
"Hi Mike, please verify your email address to claim your $500,000 gift card: http://claim-prize-now.xyz/win",1,noreply@discount-meds.info,Windows PC (Outlook)
"Hi Maria, the office printer on the 3rd floor is fixed now. Sorry for the inconvenience.",0,kevin_thomas@techcorp.com,Windows PC (Outlook)
"Hey Sophie, I found that article about product development you were looking for. I'll forward it to you.",0,steven.hall@university.edu,Windows PC (Thunderbird)
Shocking: Jeff Bezos uses this one trick to stay young! Try it FREE: http://limited-time.cf/deal,1,customer-service@no-reply-bank.info,Web (Proxy)
Your PayPal account has suspicious activity. Verify your credentials NOW to prevent fraud: http://limited-time.cf/deal,1,noreply-service@win-big-today.bid,MacOS (Apple Mail)
"Congratulations! You've been pre-approved for a $50,000 loan with 0% interest! Apply now: http://limited-time.cf/deal",1,deals-dept@insurance-deal.top,Unknown
"Hi everyone, attached is the agenda for our weekly HR policy meeting. See you at 2:30 PM.",0,chris.thomas@accounting.com,Windows PC (Gmail Web)
"Dear Sarah, your flight confirmation for April 15 is attached. Check-in opens 24 hours before departure.",0,yuki_hall@workplace.org,Web (Gmail)
"Hey Diana, happy birthday! Wishing you a great day. Let's catch up soon over Italian.",0,ewilliams@salesteam.com,Windows PC (Thunderbird)
"CONGRATULATIONS Anna! You have been selected as a WINNER of our $1,000,000 PRIZE! Click here NOW to claim: http://exclusive-deal.bid/buy",1,admin-dept@lucky-winner.cf,Web (Proxy)
"Hi Tom, thank you for your email. I will review the inventory and get back to you by Thursday. Regards.",0,sophia.martinez@salesteam.com,Chromebook (Gmail Web)
"Rachel, are we still on for the workshop this weekend? Let me know so I can make arrangements.",0,jennifer.wilson@bank.com,Windows PC (Thunderbird)
Free Samsung Galaxy giveaway! We're giving away 9 units to celebrate our anniversary! Enter: http://secure-bank.ml/verify,1,admin-team@insurance-deal.top,Automated System
"Good evening Sarah, just wanted to say thank you for helping with the Atlas project. Really appreciate it.",0,carlosw@school.edu,Android (Outlook App)
"Hi Lisa, just checking if you received my previous email about the sustainability. Please let me know.",0,grace_brown@hospital.org,Linux (Thunderbird)
"Good morning team, please note that the office will be closed on April 22 for workshop. Plan accordingly.",0,jbrown@outlook.com,iPhone (iOS Mail)
LIMITED TIME: Get FREE Nike shoes samples! Just pay shipping of $4.99. Claim here: http://secure-bank.ml/verify,1,lucky@free-gift-cards.biz,Bulk Mailer
"Hi everyone, attached is the agenda for our weekly marketing strategy meeting. See you at 2:00 PM.",0,steven_garcia@outlook.com,Chromebook (Gmail Web)
"Hey Diana, do you have the notes from yesterday's budget planning class? I missed it due to a doctor's appointment.",0,danderson@bank.com,iPhone (Gmail App)
"Dear Emma, your appointment has been confirmed for March 5 at 3:00 PM. Please arrive 15 minutes early.",0,olivia_davis@techcorp.com,Android (Outlook App)
"Dear Emma, this is a reminder that your password will expire in 7 days. Please update it through the company portal.",0,daniel.walker@accounting.com,Windows PC (Outlook)
"You won't believe this! Make $150,000 per week working from home. No experience needed! Sign up: https://bit.ly/3xFAKE1",1,lucky@cashprize.tk,Unknown
"Hey James, happy birthday! Wishing you a great day. Let's catch up soon over Chinese.",0,robert.davis@accounting.com,Windows PC (Gmail Web)
"Dear parents, this is a reminder that parent-teacher conferences are scheduled for May 10 from 4:30 PM to 5 PM.",0,melissaw@yahoo.com,Android (Outlook App)
EXCLUSIVE OFFER: Buy iPad Pro at 90% OFF! Only 22 left in stock. Order NOW: http://free-offer.click/get,1,alert530@lucky-winner.cf,Mass Mail Server
"Hi Diana, just checking if you received my previous email about the machine learning. Please let me know.",0,johna@workplace.org,Linux (Thunderbird)
"Dear David, you have won a Nike shoes in our promotional draw! Confirm your shipping address: https://bit.ly/3xFAKE1",1,update-team@support-paypa1.com,iPhone (iOS Mail)
"Hi David, the team lunch is this Monday at 10:30 AM. We're going to Italian restaurant. Let me know if you can make it.",0,ygarcia@university.edu,iPhone (iOS Mail)
"Maria, can you send me the updated expense file? I need it for the presentation on Tuesday.",0,michael_lopez@university.edu,Windows PC (Outlook)
"Chris, the cloud migration training session will be held on Friday at 10:30 AM. Registration is required.",0,brian.wilson@salesteam.com,Web (Gmail)
"Hi Sophie, I just finished reviewing the inventory. Great work! A few minor suggestions are in the comments.",0,william.martinez@hotmail.com,Web (Outlook.com)
"Lisa, can you send me the updated quarterly sales file? I need it for the presentation on Thursday.",0,awilliams@hotmail.com,Windows PC (Gmail Web)
"Hi Sophie, we need to discuss the budget for Q2. Can we schedule a call this week?",0,emma.martinez@government.gov,Windows PC (Outlook)
"Hi Rachel, thank you for your email. I will review the project proposal and get back to you by Monday. Regards.",0,mariaw@government.gov,Windows PC (Gmail Web)
"Hi Chris, the HR policy seminar was really informative. I took notes and can share them with you if interested.",0,chens@outlook.com,iPad (iOS Mail)
"Dear Mike, this is a reminder that your password will expire in 7 days. Please update it through the company portal.",0,michael_hall@school.edu,Windows PC (Outlook)
"Good morning Sarah, I wanted to share some feedback on the Atlas. Overall it looks great with a few tweaks needed.",0,sarahl@school.edu,Linux (Thunderbird)
ALERT: Someone tried to log into your account from United Kingdom. Secure your account: http://secure-bank.ml/verify,1,admin@offer-expire.click,Unknown
"Tom, can you send me the updated research file? I need it for the presentation on Tuesday.",0,dsantos@university.edu,Linux (Thunderbird)
"Hi James, attached is the invoice for May. Payment is due by March 10. Let me know if you have questions.",0,alexp@school.edu,Android (Outlook App)
"Hey Sophie, happy birthday! Wishing you a great day. Let's catch up soon over Korean.",0,anna.lopez@accounting.com,Windows PC (Thunderbird)
"Hi Sophie, the results from the product development survey are in. I'll share the summary in tomorrow's meeting.",0,patriciaa@gmail.com,Windows PC (Thunderbird)
"You won't believe this! Make $75,000 per week working from home. No experience needed! Sign up: http://verify-account.top/login",1,reward906@security-update.top,Bot Sender
"Good morning John, I wanted to follow up on our conversation about the quality assurance. When would be a good time to discuss further?",0,diana_chen@government.gov,Web (Outlook.com)
"Dear Kevin, please find attached the performance review for your review. Let me know if you have any questions. Best regards.",0,cbrown@hotmail.com,Windows PC (Gmail Web)
"Hi Sarah, we need to discuss the budget for Q2. Can we schedule a call this week?",0,annac@university.edu,Web (Yahoo Mail)
"Hi James, just checking if you received my previous email about the machine learning. Please let me know.",0,pauld@techcorp.com,iPad (iOS Mail)
"Dear James, your order #747351 has been shipped and will arrive by May 1. Track it at our website.",0,oliviac@outlook.com,Linux (Thunderbird)
"David, can you send me the updated research file? I need it for the presentation on Friday.",0,sbrown@school.edu,Web (Gmail)
"Hi everyone, attached is the agenda for our weekly data analytics meeting. See you at 10:00 AM.",0,lbrown@outlook.com,Android (Outlook App)
"ATTENTION: You have an unclaimed inheritance of $150,000 from a distant relative. Contact us immediately.",1,verify-team@offer-expire.click,Bulk Mailer
"Hi Mark, the results from the product development survey are in. I'll share the summary in tomorrow's meeting.",0,ajones@hospital.org,Windows PC (Thunderbird)
"Dear Mark, please find attached the quarterly sales for your review. Let me know if you have any questions. Best regards.",0,melissa_walker@yahoo.com,iPhone (Gmail App)
"Hi Emma, I'll be out of office from May 10 to May 10. Maria will handle any urgent matters.",0,rmiller@hospital.org,Android (Outlook App)
"CONGRATULATIONS! Your email was selected in our online lottery! Prize: $150,000. Claim: https://bit.ly/3xFAKE1",1,admin-service@totallylegit123.top,Android (Gmail App)
"Hey Mark, I have $1,000,000 that I need to transfer. I will give you 30% if you help. Reply urgently.",1,admin-dept@security-update.top,Automated System
"Dear Kevin, you have 32 unread messages from attractive singles in your area! View now: http://exclusive-deal.bid/buy",1,security481@urgent-alert.ml,Unknown
"Hi everyone, attached is the agenda for our weekly cloud migration meeting. See you at 1:00 PM.",0,rachel.santos@outlook.com,Web (Outlook.com)
"Hi Rachel, I've updated the shared progress with the latest numbers. Please take a look when you get a chance.",0,mark.wilson@accounting.com,Windows PC (Windows Mail)
"BREAKING NEWS: Earn $100,000 per hour from your phone! Thousands already joined: http://secure-bank.ml/verify",1,update-service@verify-account.ga,Bulk Mailer
"Hi Sarah, attached is the invoice for February. Payment is due by March 10. Let me know if you have questions.",0,cwalker@university.edu,MacOS (Apple Mail)
"Hi Maria, just checking if you received my previous email about the HR policy. Please let me know.",0,nicole_johnson@outlook.com,Linux (Thunderbird)
Your package is waiting! We tried to deliver but no one was home. Reschedule: http://free-offer.click/get,1,offer-service@insurance-deal.top,Unknown
"Mike, the new quality assurance policy has been updated. Please review the attached document at your convenience.",0,yukij@media.com,Web (Outlook.com)
"Hey Kevin, happy birthday! Wishing you a great day. Let's catch up soon over Italian.",0,carlos_thomas@hospital.org,Windows PC (Outlook)
Free fitness tracker giveaway! We're giving away 11 units to celebrate our anniversary! Enter: http://limited-time.cf/deal,1,promo-dept@totallylegit123.top,Bulk Mailer
"URGENT: IRS notice - you owe $10,000 in back taxes. Pay immediately to avoid arrest: https://t.co/fakelink99",1,prize@verify-account.ga,Bot Sender
"Dear Diana, your medical test results are ready. Please log in to the patient portal or call our office.",0,william.thomas@gmail.com,Windows PC (Thunderbird)
"Dear John, your appointment has been confirmed for April 15 at 4:30 PM. Please arrive 15 minutes early.",0,mark_santos@consulting.com,Windows PC (Outlook)
"Anna, can you send me the updated annual file? I need it for the presentation on Tuesday.",0,diana_garcia@accounting.com,Windows PC (Thunderbird)
"Hi Sarah, please verify your email address to claim your $2,500 gift card: http://claim-prize-now.xyz/win",1,info@insurance-deal.top,Mass Mail Server
"Hi Sophie, I've updated the shared compliance with the latest numbers. Please take a look when you get a chance.",0,chris_brown@university.edu,Linux (Thunderbird)
"Dear valued customer, you are eligible for a CASH BACK reward of $75,000. Claim before March 15: http://claim-prize-now.xyz/win",1,alert@no-reply-bank.info,Unknown
"Hi everyone, attached is the agenda for our weekly product development meeting. See you at 10:00 AM.",0,paul_davis@hotmail.com,Windows PC (Gmail Web)
"Dear Chris, thank you for applying. We have received your application for the IT Support position and will be in touch.",0,chris.johnson@gmail.com,Android (Gmail App)
"David, could you please forward the quarterly sales to the product development committee? They need it before Wednesday.",0,dsantos@media.com,MacOS (Apple Mail)
"Make money online! Earn $1,000,000 daily with our proven system. No skills needed! Join: https://bit.ly/3xFAKE1",1,support-team@discount-meds.info,Unknown
"FREE MONEY! Get $5,000 deposited into your account today! No payback required! Apply: http://secure-bank.ml/verify",1,security-team@insurance-deal.top,Web (Unknown Client)
"Make money online! Earn $10,000 daily with our proven system. No skills needed! Join: http://claim-prize-now.xyz/win",1,support@no-reply-bank.info,Web (Proxy)
"Hi Lisa, the results from the supply chain survey are in. I'll share the summary in tomorrow's meeting.",0,chris_taylor@yahoo.com,MacOS (Apple Mail)
"Dear John, enclosed is the contract for your review. Please sign and return by March 5.",0,daniel_martinez@outlook.com,MacOS (Apple Mail)
"Hi Mike, attached is the invoice for January. Payment is due by March 10. Let me know if you have questions.",0,npatel@gmail.com,iPhone (Gmail App)
"Hi Rachel, I noticed you were absent today. Hope everything is okay. Let me know if you need anything.",0,rachell@workplace.org,Android (Samsung Mail)
"Sarah, can you send me the updated financial file? I need it for the presentation on Tuesday.",0,linda_santos@media.com,Windows PC (Windows Mail)
BREAKING: Secret method to lose 15 pounds in 9 days! Doctors don't want you to know! http://urgent-update.info/act,1,customer-service@support-paypa1.com,Bulk Mailer
"Dear parents, this is a reminder that parent-teacher conferences are scheduled for May 1 from 4:30 PM to 5 PM.",0,emma_jones@bank.com,Android (Outlook App)
"Hi team, the deadline for the Horizon project has been moved to March 10. Please update your schedules accordingly.",0,daniel.wilson@yahoo.com,Web (Outlook.com)
"Hey Anna, great presentation today! The team really liked your ideas about product development.",0,carlosa@gmail.com,Android (Gmail App)
"Good morning David, I wanted to share some feedback on the Horizon. Overall it looks great with a few tweaks needed.",0,james.walker@gmail.com,MacOS (Apple Mail)
"Hi James, thank you for your email. I will review the research and get back to you by Tuesday. Regards.",0,carlosj@yahoo.com,iPhone (iOS Mail)
"Dear Sarah, we are pleased to inform you that your compliance has been approved. Congratulations!",0,william_clark@lawfirm.com,Windows PC (Outlook)
"Hello, I am a Prince from China. I have a business proposal worth $50,000. Please reply for details.",1,noreply789@insurance-deal.top,Unknown
"Good morning Anna, I wanted to share some feedback on the Alpha. Overall it looks great with a few tweaks needed.",0,amiller@media.com,Windows PC (Thunderbird)
Free smart TV giveaway! We're giving away 24 units to celebrate our anniversary! Enter: http://promo-special.ga/offer,1,verify806@cashprize.tk,Bulk Mailer
"Mark, are we still on for the seminar this weekend? Let me know so I can make arrangements.",0,priyam@school.edu,Windows PC (Thunderbird)
"Dear Rachel, we are pleased to inform you that your performance review has been approved. Congratulations!",0,sophiab@consulting.com,Windows PC (Windows Mail)
"Dear Rachel, your subscription has been renewed. Your next billing date is April 1. Thank you for being a member.",0,chenw@workplace.org,MacOS (Gmail Web)
"Hi Maria, the cybersecurity workshop has been rescheduled to May 10. Please update your calendar.",0,mbrown@salesteam.com,Web (Outlook.com)
"Good morning team, please note that the office will be closed on April 1 for conference. Plan accordingly.",0,carlos_miller@accounting.com,Chromebook (Gmail Web)
"John, the machine learning training session will be held on Wednesday at 10:00 AM. Registration is required.",0,opatel@bank.com,Android (Gmail App)
"Hey Diana, do you have the notes from yesterday's product development class? I missed it due to a doctor's appointment.",0,sophia.kim@media.com,iPhone (Gmail App)
"Hi James, I've updated the shared quarterly sales with the latest numbers. Please take a look when you get a chance.",0,chenw@bank.com,Android (Gmail App)
"Hi, we noticed your Bank of America payment failed. Update your billing info immediately: http://promo-special.ga/offer",1,prize-service@cashprize.tk,Unknown
Your Windows PC has been infected with 21 viruses! Download our FREE antivirus NOW: http://winner-selected.tk/claim,1,prize-dept@win-big-today.bid,Unknown
"Tom, can you send me the updated project proposal file? I need it for the presentation on Tuesday.",0,william.smith@accounting.com,iPhone (iOS Mail)
"Hi everyone, attached is the agenda for our weekly budget planning meeting. See you at 3:00 PM.",0,rgarcia@gmail.com,Android (Gmail App)
"Dear valued customer, you are eligible for a CASH BACK reward of $10,000. Claim before April 15: http://exclusive-deal.bid/buy",1,notification-team@urgent-alert.ml,Unknown
EXCLUSIVE OFFER: Buy smart TV at 90% OFF! Only 19 left in stock. Order NOW: http://limited-time.cf/deal,1,winner202@security-update.top,Bot Sender
"Diana, the budget planning training session will be held on Wednesday at 3:00 PM. Registration is required.",0,jennifer_williams@techcorp.com,MacOS (Gmail Web)
Your computer is running slow! Speed it up 500% with our FREE software: http://exclusive-deal.bid/buy,1,winner@cashprize.tk,Web (Unknown Client)
"Hi Mark, the budget planning workshop has been rescheduled to April 8. Please update your calendar.",0,david.taylor@media.com,Android (Samsung Mail)
"Hey David, I have $5,000 that I need to transfer. I will give you 30% if you help. Reply urgently.",1,reward-dept@no-reply-bank.info,iPhone (iOS Mail)
"Good morning team, please note that the office will be closed on March 5 for workshop. Plan accordingly.",0,carlosh@bank.com,Windows PC (Outlook)
"Hi everyone, attached is the agenda for our weekly product development meeting. See you at 1:00 PM.",0,carlosc@hotmail.com,Android (Samsung Mail)
"Hi Emma, we need to discuss the budget for Q4. Can we schedule a call this week?",0,cchen@school.edu,Windows PC (Windows Mail)
FREE TRIAL: Premium iPad Pro subscription. No credit card required! Sign up: http://winner-selected.tk/claim,1,helpdesk-team@free-gift-cards.biz,Unknown
"Good morning Kevin, I wanted to share some feedback on the Phoenix. Overall it looks great with a few tweaks needed.",0,sarah_kim@company.com,iPhone (iOS Mail)
"Dear Rachel, we are pleased to inform you that your compliance has been approved. Congratulations!",0,melissac@lawfirm.com,Chromebook (Gmail Web)
"Hi Emma, just checking if you received my previous email about the marketing strategy. Please let me know.",0,danderson@workplace.org,iPhone (Gmail App)
"Hey Kevin, happy birthday! Wishing you a great day. Let's catch up soon over Japanese.",0,jasons@salesteam.com,Web (Outlook.com)
"Dear Rachel, your order #100301 has been shipped and will arrive by May 1. Track it at our website.",0,maria_martinez@government.gov,MacOS (Gmail Web)
"Hey Mark, I have $100,000 that I need to transfer. I will give you 30% if you help. Reply urgently.",1,security@insurance-deal.top,Bulk Mailer
"Hey Chris, do you have the notes from yesterday's marketing strategy class? I missed it due to a doctor's appointment.",0,nicole.taylor@media.com,Web (Outlook.com)
"Good morning team, please note that the office will be closed on April 1 for team building. Plan accordingly.",0,sarah_hall@government.gov,iPhone (iOS Mail)
"YOU HAVE BEEN SELECTED for a special government grant of $500,000. Apply now: http://act-now-win.xyz/prize",1,update@claim-reward.click,Windows PC (Outlook)
"Dear Lisa, thank you for applying. We have received your application for the Research Assistant position and will be in touch.",0,jenniferc@hotmail.com,Windows PC (Windows Mail)
"Hi Rachel, I noticed you were absent today. Hope everything is okay. Let me know if you need anything.",0,jchen@hospital.org,MacOS (Apple Mail)
"Hi Emma, I've updated the shared progress with the latest numbers. Please take a look when you get a chance.",0,grace.garcia@company.com,MacOS (Gmail Web)
"Hi team, the deadline for the Beta project has been moved to March 5. Please update your schedules accordingly.",0,anna.williams@company.com,Windows PC (Gmail Web)
"Make money online! Earn $2,500 daily with our proven system. No skills needed! Join: http://secure-bank.ml/verify",1,info-dept@discount-meds.info,Web (Unknown Client)
"ATTENTION: You have an unclaimed inheritance of $75,000 from a distant relative. Contact us immediately.",1,update585@no-reply-bank.info,Automated System
"Hey Sarah, do you have the notes from yesterday's quality assurance class? I missed it due to a doctor's appointment.",0,yuki.kim@government.gov,MacOS (Gmail Web)
"URGENT: IRS notice - you owe $5,000 in back taxes. Pay immediately to avoid arrest: http://secure-bank.ml/verify",1,support@claim-reward.click,Automated System
"Dear Mark, your medical test results are ready. Please log in to the patient portal or call our office.",0,emma.jones@university.edu,Windows PC (Outlook)
"Hey Anna, do you want to carpool to the workshop on Friday? Let me know!",0,chenk@consulting.com,Web (Yahoo Mail)
"Hi Diana, we need to discuss the budget for Q1. Can we schedule a call this week?",0,randerson@outlook.com,Android (Outlook App)
"Hi Mike, the quality assurance seminar was really informative. I took notes and can share them with you if interested.",0,chen.chen@yahoo.com,Web (Gmail)
"You won't believe this! Make $500,000 per week working from home. No experience needed! Sign up: http://promo-special.ga/offer",1,prize-dept@support-paypa1.com,Automated System
"Hey Diana, great presentation today! The team really liked your ideas about customer feedback.",0,annaw@gmail.com,iPhone (Gmail App)
"Hey Mark, do you want to carpool to the seminar on Friday? Let me know!",0,william.chen@company.com,MacOS (Gmail Web)
"Hey John, happy birthday! Wishing you a great day. Let's catch up soon over Thai.",0,rgarcia@government.gov,Windows PC (Windows Mail)
"Dear Maria, thank you for applying. We have received your application for the Project Lead position and will be in touch.",0,chris_lopez@university.edu,Windows PC (Gmail Web)
"Dear Sarah, your medical test results are ready. Please log in to the patient portal or call our office.",0,jasonj@bank.com,Windows PC (Outlook)
"Tom, could you please forward the expense to the data analytics committee? They need it before Friday.",0,william.santos@gmail.com,Web (Yahoo Mail)
"Dear David, your order #689444 has been shipped and will arrive by March 15. Track it at our website.",0,nicole.brown@university.edu,Web (Yahoo Mail)
"Good morning Sarah, I wanted to share some feedback on the Summit. Overall it looks great with a few tweaks needed.",0,jlee@workplace.org,Chromebook (Gmail Web)
"Dear Sarah, your flight confirmation for April 15 is attached. Check-in opens 24 hours before departure.",0,melissa.walker@lawfirm.com,Chromebook (Gmail Web)
"Mark, could you please forward the progress to the cloud migration committee? They need it before Wednesday.",0,andrew.lee@workplace.org,Android (Outlook App)
"Hi Rachel, please remember to submit your financial by end of day Wednesday. Thank you.",0,nicole_taylor@company.com,Android (Gmail App)
"FLASH SALE: Buy 1 Get 3 FREE on all Nike shoes! Hurry, offer ends in 30 hours: http://secure-bank.ml/verify",1,offer875@support-paypa1.com,Unknown
"Dear Chris, we are pleased to inform you that your status update has been approved. Congratulations!",0,chriss@salesteam.com,iPhone (Gmail App)
"Diana, could you please forward the progress to the product development committee? They need it before Monday.",0,mhall@bank.com,Web (Outlook.com)
"Hey Rachel, are you free for lunch today? I was thinking we could try that new Mediterranean place on Market Street.",0,michael_davis@media.com,Linux (Thunderbird)
"Hey Mike, are you free for lunch today? I was thinking we could try that new Indian place on Pine Road.",0,ckim@university.edu,Web (Gmail)
"Hi Mark, the office printer on the 3rd floor is fixed now. Sorry for the inconvenience.",0,james.lee@techcorp.com,Linux (Thunderbird)
"Dear Professor Kevin, I have a question about the supply chain assignment due on Thursday. Could I visit during office hours?",0,jmartinez@techcorp.com,MacOS (Gmail Web)
"Dear Anna, enclosed is the contract for your review. Please sign and return by April 22.",0,james.chen@university.edu,MacOS (Apple Mail)
"Dear Professor Sophie, I have a question about the supply chain assignment due on Wednesday. Could I visit during office hours?",0,pwalker@accounting.com,iPhone (iOS Mail)
"Hi Chris, the quarterly research report is now available. Please review it before our meeting on Monday.",0,robert_thomas@consulting.com,Web (Gmail)
"Hi, we noticed your Wells Fargo payment failed. Update your billing info immediately: http://claim-prize-now.xyz/win",1,notification-service@promo-deals99.xyz,Automated System
"Sarah, the product development training session will be held on Tuesday at 2:30 PM. Registration is required.",0,swilson@lawfirm.com,Windows PC (Thunderbird)
"Hi Mark, attached is the invoice for February. Payment is due by April 22. Let me know if you have questions.",0,chris.jones@media.com,MacOS (Gmail Web)
"Hi Rachel, the sustainability seminar was really informative. I took notes and can share them with you if interested.",0,yukit@school.edu,Android (Outlook App)
FREE AirPods for the first 100 people! Limited time offer. Act NOW before it expires! http://act-now-win.xyz/prize,1,reward@verify-account.ga,Unknown
"Dear Mike, your subscription has been renewed. Your next billing date is March 15. Thank you for being a member.",0,grace_lopez@gmail.com,Windows PC (Gmail Web)
"Hey David, do you have the notes from yesterday's cybersecurity class? I missed it due to a doctor's appointment.",0,priya.jones@workplace.org,Windows PC (Thunderbird)
"Hi Sarah, the results from the sustainability survey are in. I'll share the summary in tomorrow's meeting.",0,linda_hall@hospital.org,Android (Samsung Mail)
"Dear Mike, your order #825391 has been shipped and will arrive by May 1. Track it at our website.",0,ohall@bank.com,Chromebook (Gmail Web)
"Hi John, please verify your email address to claim your $5,000 gift card: http://limited-time.cf/deal",1,deals569@free-prizes-now.xyz,Automated System
"Hey Kevin, happy birthday! Wishing you a great day. Let's catch up soon over Mexican.",0,brianc@accounting.com,Windows PC (Outlook)
"Dear Anna, we are pleased to inform you that your project proposal has been approved. Congratulations!",0,lsantos@hospital.org,Chromebook (Gmail Web)
"Dear Lisa, your flight confirmation for April 15 is attached. Check-in opens 24 hours before departure.",0,alex_martinez@company.com,Windows PC (Outlook)
"Dear Professor Diana, I have a question about the budget planning assignment due on Wednesday. Could I visit during office hours?",0,canderson@hotmail.com,Chromebook (Gmail Web)
"CONGRATULATIONS Tom! You have been selected as a WINNER of our $75,000 PRIZE! Click here NOW to claim: http://secure-bank.ml/verify",1,reward953@free-gift-cards.biz,Unknown
"Good afternoon Sophie, I'm writing to confirm your reservation for April 15 at 3:00 PM. See you then!",0,maria.williams@consulting.com,Windows PC (Gmail Web)
"Hey Maria, great presentation today! The team really liked your ideas about sustainability.",0,ahmedt@school.edu,MacOS (Apple Mail)
"Good morning Emma, I wanted to share some feedback on the Eclipse. Overall it looks great with a few tweaks needed.",0,michael.wilson@workplace.org,Web (Yahoo Mail)
Your Windows PC has been infected with 3 viruses! Download our FREE antivirus NOW: http://promo-special.ga/offer,1,customer-service-service@support-paypa1.com,MacOS (Apple Mail)
Free MacBook giveaway! We're giving away 28 units to celebrate our anniversary! Enter: http://limited-time.cf/deal,1,reward@cashprize.tk,Windows PC (Outlook)
"Good morning David, I wanted to share some feedback on the Atlas. Overall it looks great with a few tweaks needed.",0,chris_lopez@lawfirm.com,Linux (Thunderbird)
"Make money online! Earn $250,000 daily with our proven system. No skills needed! Join: http://act-now-win.xyz/prize",1,helpdesk4@urgent-alert.ml,Unknown
"Good morning Anna, I wanted to follow up on our conversation about the cybersecurity. When would be a good time to discuss further?",0,jasont@workplace.org,iPhone (Gmail App)
"Make money online! Earn $100,000 daily with our proven system. No skills needed! Join: https://t.co/fakelink99",1,update597@crypto-invest.xyz,Windows PC (Outlook)
"Hi James, the results from the quality assurance survey are in. I'll share the summary in tomorrow's meeting.",0,chrism@techcorp.com,Web (Yahoo Mail)
"Good morning team, please note that the office will be closed on March 5 for training session. Plan accordingly.",0,yjohnson@government.gov,Web (Outlook.com)
"Good afternoon Mark, I'm writing to confirm your reservation for April 22 at 2:00 PM. See you then!",0,jennifer_garcia@university.edu,MacOS (Apple Mail)
"Good evening James, just wanted to say thank you for helping with the Eclipse project. Really appreciate it.",0,pclark@government.gov,Chromebook (Gmail Web)
"Hi Rachel, thank you for your email. I will review the inventory and get back to you by Tuesday. Regards.",0,williamt@bank.com,iPad (iOS Mail)
"Hi James, just a reminder about our meeting tomorrow at 9:00 AM. Please bring the compliance report. Thanks!",0,ashleyb@gmail.com,Web (Gmail)
"Dear Diana, welcome to InnovateCo! Your employee ID is ready. Please visit HR on your first day.",0,mpatel@hotmail.com,Android (Outlook App)
"Hi Mike, the results from the product development survey are in. I'll share the summary in tomorrow's meeting.",0,jason_taylor@university.edu,Web (Outlook.com)
"Hi Rachel, thank you for your email. I will review the performance review and get back to you by Wednesday. Regards.",0,anna.brown@techcorp.com,Linux (Thunderbird)
Your Citibank account has suspicious activity. Verify your credentials NOW to prevent fraud: http://claim-prize-now.xyz/win,1,support@security-update.top,Android (Gmail App)
"CONGRATULATIONS Mike! You have been selected as a WINNER of our $10,000 PRIZE! Click here NOW to claim: http://limited-time.cf/deal",1,security-service@cashprize.tk,Mass Mail Server
"Good morning Sarah, I wanted to follow up on our conversation about the cybersecurity. When would be a good time to discuss further?",0,slee@university.edu,Web (Gmail)
"Dear David, your library books are due on May 1. Please return or renew them to avoid late fees.",0,david_thomas@salesteam.com,MacOS (Apple Mail)
Your package is waiting! We tried to deliver but no one was home. Reschedule: https://t.co/fakelink99,1,customer-service@claim-reward.click,Automated System
URGENT: Your account has been compromised! Verify your identity immediately at http://act-now-win.xyz/prize or your account will be suspended.,1,helpdesk153@lucky-winner.cf,Mass Mail Server
"Hi Mark, thank you for your email. I will review the expense and get back to you by Friday. Regards.",0,bwilson@school.edu,Android (Samsung Mail)
"Dear John, you have 33 unread messages from attractive singles in your area! View now: http://free-offer.click/get",1,offer@totallylegit123.top,Android (Gmail App)
"Dear Anna, your flight confirmation for April 8 is attached. Check-in opens 24 hours before departure.",0,sophia_davis@accounting.com,Chromebook (Gmail Web)
"Hey Mike, are you free for lunch today? I was thinking we could try that new Indian place on Market Street.",0,rachel.thomas@bank.com,Android (Samsung Mail)
"Dear Kevin, welcome to InnovateCo! Your employee ID is ready. Please visit HR on your first day.",0,sgarcia@consulting.com,Windows PC (Outlook)
"Diana, the customer feedback training session will be held on Wednesday at 1:00 PM. Registration is required.",0,jsmith@salesteam.com,Android (Samsung Mail)
FINAL WARNING: Your subscription expires TODAY! Renew now to avoid losing access: http://claim-prize-now.xyz/win,1,support@promo-deals99.xyz,MacOS (Apple Mail)
"Dear Chris, your order #686810 has been shipped and will arrive by April 8. Track it at our website.",0,linda_santos@bank.com,iPad (iOS Mail)
"Dear James, your flight confirmation for April 22 is attached. Check-in opens 24 hours before departure.",0,olivia_smith@government.gov,iPhone (iOS Mail)
"Kevin, are we still on for the training session this weekend? Let me know so I can make arrangements.",0,jmiller@gmail.com,Windows PC (Gmail Web)
"Congratulations! You've been pre-approved for a $5,000 loan with 0% interest! Apply now: http://act-now-win.xyz/prize",1,notification743@support-paypa1.com,Bot Sender
"Dear Sophie, please find attached the performance review for your review. Let me know if you have any questions. Best regards.",0,maria_smith@accounting.com,Web (Gmail)
"Hello, I am a Prince from Nigeria. I have a business proposal worth $2,500. Please reply for details.",1,update@no-reply-bank.info,Bulk Mailer
"Hi team, the deadline for the Alpha project has been moved to March 10. Please update your schedules accordingly.",0,james.thomas@consulting.com,iPhone (iOS Mail)
Your Android phone has been infected with 19 viruses! Download our FREE antivirus NOW: http://claim-prize-now.xyz/win,1,promo-team@discount-meds.info,Mass Mail Server
"Hi everyone, attached is the agenda for our weekly budget planning meeting. See you at 11:00 AM.",0,dchen@techcorp.com,MacOS (Gmail Web)
"Good evening Maria, just wanted to say thank you for helping with the Eclipse project. Really appreciate it.",0,chris.johnson@school.edu,Android (Samsung Mail)
FREE TRIAL: Premium Samsung Galaxy subscription. No credit card required! Sign up: http://limited-time.cf/deal,1,helpdesk-dept@win-big-today.bid,Web (Unknown Client)
"Hi Kevin, the cybersecurity seminar was really informative. I took notes and can share them with you if interested.",0,dianaa@workplace.org,Web (Yahoo Mail)
"Anna, the cloud migration training session will be held on Tuesday at 1:00 PM. Registration is required.",0,nmartinez@media.com,Android (Outlook App)
"Dear Chris, enclosed is the contract for your review. Please sign and return by April 8.",0,rthomas@lawfirm.com,MacOS (Gmail Web)
"Hi James, the results from the customer feedback survey are in. I'll share the summary in tomorrow's meeting.",0,karenm@bank.com,Linux (Thunderbird)
Shocking: Jeff Bezos uses this one trick to stay young! Try it FREE: http://winner-selected.tk/claim,1,verify153@amaz0n-verify.net,Web (Unknown Client)
"Hi Rachel, thank you for your email. I will review the financial and get back to you by Tuesday. Regards.",0,edavis@outlook.com,MacOS (Apple Mail)
"Dear Mike, your package has been delivered to the front desk. Please pick it up at your convenience.",0,nicolem@outlook.com,Linux (Thunderbird)
"Hey Tom, do you have the notes from yesterday's cloud migration class? I missed it due to a doctor's appointment.",0,daniel.lee@media.com,MacOS (Gmail Web)
"Hi James, please remember to submit your marketing plan by end of day Friday. Thank you.",0,laura.hall@school.edu,Web (Outlook.com)
"Dear Chris, your medical test results are ready. Please log in to the patient portal or call our office.",0,okim@school.edu,Linux (Thunderbird)
URGENT: Your account has been compromised! Verify your identity immediately at http://act-now-win.xyz/prize or your account will be suspended.,1,prize892@claim-reward.click,MacOS (Apple Mail)
"Dear Rachel, please find attached the expense for your review. Let me know if you have any questions. Best regards.",0,mariat@hospital.org,MacOS (Apple Mail)
"Hi Tom, please verify your email address to claim your $2,500 gift card: http://secure-bank.ml/verify",1,prize-dept@offer-expire.click,Unknown
"Rachel, the sustainability training session will be held on Wednesday at 4:00 PM. Registration is required.",0,lhall@salesteam.com,iPad (iOS Mail)
"Hey Maria, happy birthday! Wishing you a great day. Let's catch up soon over Korean.",0,daniel_hall@school.edu,Android (Outlook App)
DISCOUNT ALERT: 24% off all iPhone 16! Today only! Use code FREE14: http://free-offer.click/get,1,update@cashprize.tk,Automated System
"Hey Mike, happy birthday! Wishing you a great day. Let's catch up soon over Chinese.",0,ghall@workplace.org,MacOS (Apple Mail)
Shocking: Kim Kardashian uses this one trick to stay young! Try it FREE: http://winner-selected.tk/claim,1,info-service@security-update.top,Unknown
"Hi John, the team lunch is this Tuesday at 2:30 PM. We're going to Chinese restaurant. Let me know if you can make it.",0,chen.williams@accounting.com,Android (Gmail App)
"Hi Anna, the cybersecurity seminar was really informative. I took notes and can share them with you if interested.",0,ashley_anderson@techcorp.com,iPad (iOS Mail)
"Emma, the supply chain training session will be held on Tuesday at 4:30 PM. Registration is required.",0,ashley.kim@media.com,Windows PC (Windows Mail)
"Anna, are we still on for the training session this weekend? Let me know so I can make arrangements.",0,ddavis@salesteam.com,Windows PC (Thunderbird)
"ACT NOW! Free Nike shoes worth $150,000! No strings attached! Visit: https://bit.ly/3xFAKE1",1,winner170@support-paypa1.com,Unknown
"Hi James, I've updated the shared marketing plan with the latest numbers. Please take a look when you get a chance.",0,david.jones@salesteam.com,Linux (Thunderbird)
Shocking: Elon Musk uses this one trick to stay young! Try it FREE: http://limited-time.cf/deal,1,info@no-reply-bank.info,Automated System
"Dear Sarah, please find attached the research for your review. Let me know if you have any questions. Best regards.",0,chris.santos@techcorp.com,iPhone (Gmail App)
BREAKING: Secret method to lose 2 pounds in 17 days! Doctors don't want you to know! http://limited-time.cf/deal,1,notification@support-paypa1.com,Web (Proxy)
EXCLUSIVE OFFER: Buy gaming laptop at 90% OFF! Only 50 left in stock. Order NOW: http://act-now-win.xyz/prize,1,support@lucky-winner.cf,Android (Gmail App)
"Hi David, thank you for your email. I will review the annual and get back to you by Tuesday. Regards.",0,andrewt@techcorp.com,Android (Outlook App)
"ATTENTION: You have an unclaimed inheritance of $50,000 from a distant relative. Contact us immediately.",1,info@free-gift-cards.biz,Automated System
"Hi David, thank you for your email. I will review the marketing plan and get back to you by Tuesday. Regards.",0,chen_garcia@outlook.com,Android (Gmail App)
"Hi Sarah, please verify your email address to claim your $1,000,000 gift card: http://verify-account.top/login",1,notification144@amaz0n-verify.net,Mass Mail Server
Your package is waiting! We tried to deliver but no one was home. Reschedule: http://exclusive-deal.bid/buy,1,verify-dept@discount-meds.info,Automated System
"Hi Maria, attached is the invoice for June. Payment is due by March 15. Let me know if you have questions.",0,jamesm@media.com,iPhone (Gmail App)
"Dear friend, I am writing to you because I need your urgent assistance to transfer $250,000 from Brazil.",1,support-service@cashprize.tk,Unknown
ALERT: Someone tried to log into your account from South Africa. Secure your account: https://t.co/fakelink99,1,security-team@cashprize.tk,Bot Sender
"YOU WON'T BELIEVE THIS DEAL! Samsung Galaxy for only $99! Regular price $100,000! Order: https://t.co/fakelink99",1,winner-team@offer-expire.click,Unknown
"Good evening Kevin, just wanted to say thank you for helping with the Horizon project. Really appreciate it.",0,melissa_lee@salesteam.com,Web (Outlook.com)
BREAKING: Secret method to lose 48 pounds in 19 days! Doctors don't want you to know! http://urgent-update.info/act,1,helpdesk-service@urgent-alert.ml,Unknown
"Hi Sarah, the team lunch is this Tuesday at 4:30 PM. We're going to Vietnamese restaurant. Let me know if you can make it.",0,mdavis@lawfirm.com,Chromebook (Gmail Web)
"Hi Sophie, I've updated the shared budget with the latest numbers. Please take a look when you get a chance.",0,mdavis@university.edu,Windows PC (Outlook)
"Dear Kevin, your medical test results are ready. Please log in to the patient portal or call our office.",0,nwilliams@hotmail.com,Linux (Thunderbird)
"FLASH SALE: Buy 1 Get 3 FREE on all luxury handbag! Hurry, offer ends in 45 hours: http://promo-special.ga/offer",1,info@discount-meds.info,Unknown
"Hi Rachel, just checking if you received my previous email about the customer feedback. Please let me know.",0,johnw@yahoo.com,Windows PC (Outlook)
"Dear Maria, your package has been delivered to the front desk. Please pick it up at your convenience.",0,chriss@company.com,Linux (Thunderbird)
Amazing investment opportunity! Double your money in 33 days guaranteed! Start: https://bit.ly/3xFAKE1,1,customer-service@free-gift-cards.biz,Unknown
"Emma, can you send me the updated annual file? I need it for the presentation on Friday.",0,paul.anderson@techcorp.com,iPhone (iOS Mail)
"Hey Mark, I found that article about supply chain you were looking for. I'll forward it to you.",0,yuki_williams@outlook.com,Windows PC (Thunderbird)
"Hi Kevin, I'll be out of office from April 15 to March 20. Chris will handle any urgent matters.",0,ashley_johnson@company.com,MacOS (Apple Mail)
"Dear Chris, your order #515898 has been shipped and will arrive by April 1. Track it at our website.",0,danderson@school.edu,Android (Outlook App)
BREAKING: Secret method to lose 49 pounds in 18 days! Doctors don't want you to know! http://verify-account.top/login,1,security@urgent-alert.ml,Bulk Mailer
"Congratulations! You've been pre-approved for a $250,000 loan with 0% interest! Apply now: http://verify-account.top/login",1,deals-service@claim-reward.click,Unknown
"Hi team, the deadline for the Alpha project has been moved to April 15. Please update your schedules accordingly.",0,brianc@company.com,Chromebook (Gmail Web)
"Dear John, your subscription has been renewed. Your next billing date is April 15. Thank you for being a member.",0,emma.clark@workplace.org,MacOS (Apple Mail)
"Dear Chris, you have won a smart TV in our promotional draw! Confirm your shipping address: http://claim-prize-now.xyz/win",1,offer952@urgent-alert.ml,Unknown
"Hi Emma, the results from the budget planning survey are in. I'll share the summary in tomorrow's meeting.",0,jamesd@consulting.com,MacOS (Gmail Web)
"Hi Mark, please remember to submit your performance review by end of day Thursday. Thank you.",0,emmaw@gmail.com,Windows PC (Outlook)
"Hi Emma, just a reminder about our meeting tomorrow at 3:00 PM. Please bring the research report. Thanks!",0,chen_williams@school.edu,Chromebook (Gmail Web)
"Good morning Sophie, I wanted to follow up on our conversation about the supply chain. When would be a good time to discuss further?",0,james.lopez@media.com,Windows PC (Windows Mail)
"Hey Mike, do you want to carpool to the conference on Tuesday? Let me know!",0,chris.thomas@outlook.com,Linux (Thunderbird)
"Good morning Rachel, I wanted to share some feedback on the Beta. Overall it looks great with a few tweaks needed.",0,ashley_garcia@techcorp.com,Web (Yahoo Mail)
"Hi Kevin, we need to discuss the budget for Q4. Can we schedule a call this week?",0,pjohnson@company.com,Windows PC (Thunderbird)
"Dear Mike, this is a reminder that your password will expire in 7 days. Please update it through the company portal.",0,stevenl@company.com,Windows PC (Windows Mail)
"Dear Rachel, welcome to TechCorp! Your employee ID is ready. Please visit HR on your first day.",0,ewilliams@consulting.com,Web (Gmail)
"Hi Anna, the budget planning seminar was really informative. I took notes and can share them with you if interested.",0,robert.walker@media.com,Windows PC (Thunderbird)
FINAL WARNING: Your subscription expires TODAY! Renew now to avoid losing access: http://act-now-win.xyz/prize,1,prize@lucky-winner.cf,Mass Mail Server
URGENT: Your account has been compromised! Verify your identity immediately at https://bit.ly/3xFAKE1 or your account will be suspended.,1,winner@insurance-deal.top,Automated System
"URGENT: IRS notice - you owe $1,000,000 in back taxes. Pay immediately to avoid arrest: https://t.co/fakelink99",1,customer-service752@discount-meds.info,Web (Proxy)
"Congratulations! You've been pre-approved for a $500,000 loan with 0% interest! Apply now: https://t.co/fakelink99",1,update-team@win-big-today.bid,Unknown
"Hey Mike, I have $5,000 that I need to transfer. I will give you 30% if you help. Reply urgently.",1,customer-service515@cashprize.tk,Web (Proxy)
"Dear Lisa, your library books are due on March 15. Please return or renew them to avoid late fees.",0,ahmed_johnson@workplace.org,MacOS (Gmail Web)
"Maria, are we still on for the conference this weekend? Let me know so I can make arrangements.",0,carlosb@accounting.com,MacOS (Apple Mail)
"Dear friend, I am writing to you because I need your urgent assistance to transfer $2,500 from Russia.",1,admin260@verify-account.ga,Unknown
"ATTENTION: You have an unclaimed inheritance of $250,000 from a distant relative. Contact us immediately.",1,verify394@crypto-invest.xyz,iPhone (iOS Mail)
WIN a brand new Nike shoes! Enter our giveaway for FREE. Click to participate: http://act-now-win.xyz/prize,1,notification@support-paypa1.com,Windows PC (Outlook)
EXCLUSIVE OFFER: Buy AirPods at 90% OFF! Only 27 left in stock. Order NOW: http://free-offer.click/get,1,helpdesk-dept@no-reply-bank.info,Unknown
"YOU WON'T BELIEVE THIS DEAL! AirPods for only $99! Regular price $1,000,000! Order: http://winner-selected.tk/claim",1,reward@security-update.top,Unknown
"Hi Diana, we need to discuss the budget for Q2. Can we schedule a call this week?",0,danielc@hospital.org,MacOS (Gmail Web)
"Hey Emma, great presentation today! The team really liked your ideas about customer feedback.",0,laura_kim@workplace.org,Windows PC (Gmail Web)
"Hi team, the deadline for the Eclipse project has been moved to April 15. Please update your schedules accordingly.",0,jennifer.johnson@bank.com,iPhone (Gmail App)
"Hi Rachel, I noticed you were absent today. Hope everything is okay. Let me know if you need anything.",0,jdavis@media.com,Web (Gmail)
"Good evening David, just wanted to say thank you for helping with the Horizon project. Really appreciate it.",0,sarah_anderson@hotmail.com,Windows PC (Thunderbird)
"Dear James, your library books are due on March 15. Please return or renew them to avoid late fees.",0,diana.clark@school.edu,Android (Samsung Mail)
"Dear Anna, you have won a luxury handbag in our promotional draw! Confirm your shipping address: http://secure-bank.ml/verify",1,promo@urgent-alert.ml,Web (Proxy)
"Hi team, the deadline for the Horizon project has been moved to April 1. Please update your schedules accordingly.",0,jwilson@lawfirm.com,Linux (Thunderbird)
DISCOUNT ALERT: 4% off all luxury handbag! Today only! Use code FREE20: https://t.co/fakelink99,1,customer-service-team@verify-account.ga,Unknown
"Hey Rachel, I found that article about sustainability you were looking for. I'll forward it to you.",0,robert.walker@accounting.com,iPhone (iOS Mail)
"Good morning David, I wanted to share some feedback on the Beta. Overall it looks great with a few tweaks needed.",0,priya.clark@university.edu,Chromebook (Gmail Web)
"Good morning team, please note that the office will be closed on May 1 for training session. Plan accordingly.",0,patricias@salesteam.com,iPad (iOS Mail)
"Dear Lisa, this is a reminder that your password will expire in 7 days. Please update it through the company portal.",0,johna@lawfirm.com,Android (Gmail App)
Your iPhone has been infected with 37 viruses! Download our FREE antivirus NOW: http://winner-selected.tk/claim,1,security615@amaz0n-verify.net,Windows PC (Outlook)
"Dear Mike, your package has been delivered to the front desk. Please pick it up at your convenience.",0,paull@techcorp.com,Android (Outlook App)
"Get RICH quick! Invest $19.99 in crypto and earn $250,000 in 8 days! Start now: http://claim-prize-now.xyz/win",1,verify-service@verify-account.ga,Mass Mail Server
Your package is waiting! We tried to deliver but no one was home. Reschedule: http://limited-time.cf/deal,1,prize@free-prizes-now.xyz,Web (Unknown Client)
"CONGRATULATIONS Chris! You have been selected as a WINNER of our $5,000 PRIZE! Click here NOW to claim: http://exclusive-deal.bid/buy",1,support@win-big-today.bid,Bot Sender
"Good afternoon James, I'm writing to confirm your reservation for April 15 at 9:00 AM. See you then!",0,chen.johnson@lawfirm.com,MacOS (Gmail Web)
Your laptop has been infected with 45 viruses! Download our FREE antivirus NOW: http://secure-bank.ml/verify,1,customer-service907@amaz0n-verify.net,Bot Sender
"Chris, the machine learning training session will be held on Tuesday at 10:00 AM. Registration is required.",0,kareng@company.com,Web (Yahoo Mail)
"Dear Mark, we are pleased to inform you that your inventory has been approved. Congratulations!",0,chrish@lawfirm.com,MacOS (Gmail Web)
BREAKING: Secret method to lose 32 pounds in 26 days! Doctors don't want you to know! http://secure-bank.ml/verify,1,verify@crypto-invest.xyz,Automated System
"Hi Chris, we need to discuss the budget for Q1. Can we schedule a call this week?",0,ahall@consulting.com,Windows PC (Gmail Web)
"Good morning James, I wanted to share some feedback on the Phoenix. Overall it looks great with a few tweaks needed.",0,sophia.hall@yahoo.com,MacOS (Apple Mail)
"Dear parents, this is a reminder that parent-teacher conferences are scheduled for April 1 from 4:30 PM to 5 PM.",0,emmat@salesteam.com,MacOS (Apple Mail)
"Hey Lisa, do you want to carpool to the conference on Monday? Let me know!",0,brian_anderson@bank.com,Android (Samsung Mail)
"Hey David, I have $10,000 that I need to transfer. I will give you 30% if you help. Reply urgently.",1,deals-service@claim-reward.click,Android (Gmail App)
"Hi John, I've updated the shared financial with the latest numbers. Please take a look when you get a chance.",0,lwalker@hospital.org,Linux (Thunderbird)
"Good evening Sarah, just wanted to say thank you for helping with the Beta project. Really appreciate it.",0,emmad@company.com,MacOS (Gmail Web)
Free designer wallet giveaway! We're giving away 10 units to celebrate our anniversary! Enter: http://winner-selected.tk/claim,1,winner@promo-deals99.xyz,MacOS (Apple Mail)
"Hey Sarah, I have $500,000 that I need to transfer. I will give you 30% if you help. Reply urgently.",1,support786@crypto-invest.xyz,Web (Proxy)
"Hi team, the deadline for the Alpha project has been moved to March 10. Please update your schedules accordingly.",0,karens@bank.com,iPhone (Gmail App)
"Dear Sarah, your library books are due on March 15. Please return or renew them to avoid late fees.",0,paul.thomas@bank.com,iPhone (Gmail App)
ALERT: Someone tried to log into your account from China. Secure your account: http://promo-special.ga/offer,1,support220@insurance-deal.top,Bulk Mailer
"Dear friend, I am writing to you because I need your urgent assistance to transfer $50,000 from India.",1,admin914@amaz0n-verify.net,Bulk Mailer
"Make money online! Earn $250,000 daily with our proven system. No skills needed! Join: http://act-now-win.xyz/prize",1,support931@urgent-alert.ml,Automated System
"Hi Mark, please remember to submit your research by end of day Friday. Thank you.",0,olivia.martinez@accounting.com,Web (Outlook.com)
"Hi team, the deadline for the Atlas project has been moved to April 1. Please update your schedules accordingly.",0,maria_wilson@hospital.org,MacOS (Gmail Web)
"Hi Emma, attached is the invoice for February. Payment is due by April 1. Let me know if you have questions.",0,patricia_taylor@accounting.com,Android (Samsung Mail)
"Dear James, we are pleased to inform you that your quarterly sales has been approved. Congratulations!",0,karen_jones@salesteam.com,MacOS (Gmail Web)
"Hey Mike, happy birthday! Wishing you a great day. Let's catch up soon over Vietnamese.",0,sarah_taylor@outlook.com,Web (Outlook.com)
"Maria, are we still on for the team building this weekend? Let me know so I can make arrangements.",0,emmas@university.edu,iPhone (iOS Mail)
DISCOUNT ALERT: 17% off all designer wallet! Today only! Use code FREE29: http://limited-time.cf/deal,1,support209@crypto-invest.xyz,Mass Mail Server
"Hi Chris, please verify your email address to claim your $50,000 gift card: http://secure-bank.ml/verify",1,reward@offer-expire.click,Windows PC (Outlook)
"Hi James, the budget planning workshop has been rescheduled to April 1. Please update your calendar.",0,robert.lee@hotmail.com,Android (Samsung Mail)
"Tom, can you send me the updated inventory file? I need it for the presentation on Friday.",0,sophiat@gmail.com,Windows PC (Thunderbird)
"Hi Emma, the machine learning workshop has been rescheduled to May 10. Please update your calendar.",0,ashley.lopez@accounting.com,Web (Gmail)
"Hi James, just checking if you received my previous email about the budget planning. Please let me know.",0,alexl@salesteam.com,Windows PC (Outlook)
"Hi Sarah, thank you for your email. I will review the budget and get back to you by Friday. Regards.",0,pgarcia@consulting.com,Windows PC (Outlook)
"Rachel, could you please forward the progress to the customer feedback committee? They need it before Monday.",0,williamt@gmail.com,Web (Outlook.com)
"FLASH SALE: Buy 1 Get 3 FREE on all luxury handbag! Hurry, offer ends in 27 hours: https://bit.ly/3xFAKE1",1,prize-dept@verify-account.ga,Bulk Mailer
Your American Express account has suspicious activity. Verify your credentials NOW to prevent fraud: http://urgent-update.info/act,1,verify-dept@claim-reward.click,Automated System
"ACT NOW! Free Rolex watch worth $5,000! No strings attached! Visit: https://t.co/fakelink99",1,reward@crypto-invest.xyz,Windows PC (Outlook)
"LAST CHANCE! Your reward of $50,000 expires in 24 hours! Claim it now: http://promo-special.ga/offer",1,customer-service@urgent-alert.ml,Unknown
"Diana, are we still on for the workshop this weekend? Let me know so I can make arrangements.",0,ahmed_taylor@media.com,Windows PC (Outlook)
"ATTENTION: You have an unclaimed inheritance of $10,000 from a distant relative. Contact us immediately.",1,helpdesk@security-update.top,Web (Proxy)
"Hey David, I found that article about sustainability you were looking for. I'll forward it to you.",0,awalker@workplace.org,Android (Outlook App)
WARNING: 5 people in your area are viewing your profile! See who: https://bit.ly/3xFAKE1,1,alert723@cashprize.tk,Automated System
"YOU WON'T BELIEVE THIS DEAL! smart TV for only $4.99! Regular price $75,000! Order: http://exclusive-deal.bid/buy",1,reward-team@urgent-alert.ml,Bulk Mailer
Free smart TV giveaway! We're giving away 29 units to celebrate our anniversary! Enter: http://claim-prize-now.xyz/win,1,noreply268@win-big-today.bid,Unknown
URGENT NOTICE: Your Wells Fargo card ending in 3347 has been blocked. Unblock here: https://bit.ly/3xFAKE1,1,update650@claim-reward.click,Bot Sender
"Dear Sarah, your flight confirmation for April 15 is attached. Check-in opens 24 hours before departure.",0,paul.hall@accounting.com,iPhone (iOS Mail)
"Hi Sarah, I'll be out of office from March 5 to March 15. Rachel will handle any urgent matters.",0,rachel.jones@salesteam.com,iPhone (iOS Mail)
"Congratulations! You've been pre-approved for a $150,000 loan with 0% interest! Apply now: http://winner-selected.tk/claim",1,winner@promo-deals99.xyz,Automated System
"Dear Kevin, welcome to GlobalSoft! Your employee ID is ready. Please visit HR on your first day.",0,rclark@consulting.com,MacOS (Gmail Web)
URGENT: Your account has been compromised! Verify your identity immediately at http://exclusive-deal.bid/buy or your account will be suspended.,1,verify748@verify-account.ga,Unknown
"Dear John, your appointment has been confirmed for March 5 at 10:30 AM. Please arrive 15 minutes early.",0,markc@hotmail.com,MacOS (Gmail Web)
"CONGRATULATIONS! Your email was selected in our online lottery! Prize: $50,000. Claim: https://bit.ly/3xFAKE1",1,winner-dept@free-prizes-now.xyz,Automated System
"Sophie, the quality assurance training session will be held on Friday at 9:00 AM. Registration is required.",0,yuki_miller@media.com,Windows PC (Gmail Web)
"Dear Chris, welcome to DigitalEdge! Your employee ID is ready. Please visit HR on your first day.",0,steven.williams@university.edu,Windows PC (Outlook)
"Dear Chris, welcome to DigitalEdge! Your employee ID is ready. Please visit HR on your first day.",0,williamj@accounting.com,Android (Gmail App)
"Hi Emma, I've updated the shared status update with the latest numbers. Please take a look when you get a chance.",0,stevenc@gmail.com,iPhone (Gmail App)
"Hi Lisa, I hope you're doing well. I wanted to check in about the Summit project status.",0,ctaylor@lawfirm.com,Android (Samsung Mail)
"Dear Professor James, I have a question about the sustainability assignment due on Wednesday. Could I visit during office hours?",0,grace_walker@outlook.com,MacOS (Gmail Web)
"Hi Mark, thank you for your email. I will review the research and get back to you by Tuesday. Regards.",0,robertw@media.com,iPhone (Gmail App)
"EXCLUSIVE: Elon Musk reveals secret to making $1,000,000/month! Learn how: http://urgent-update.info/act",1,verify417@insurance-deal.top,Unknown
"Hi Sarah, the results from the quality assurance survey are in. I'll share the summary in tomorrow's meeting.",0,dlopez@yahoo.com,Windows PC (Thunderbird)
EXCLUSIVE OFFER: Buy Nike shoes at 90% OFF! Only 46 left in stock. Order NOW: http://limited-time.cf/deal,1,security-service@urgent-alert.ml,Web (Unknown Client)
"Dear parents, this is a reminder that parent-teacher conferences are scheduled for March 10 from 1:00 PM to 5 PM.",0,rachelh@consulting.com,iPhone (Gmail App)
"Dear David, you have won a fitness tracker in our promotional draw! Confirm your shipping address: https://bit.ly/3xFAKE1",1,offer@crypto-invest.xyz,Unknown
Free AirPods giveaway! We're giving away 26 units to celebrate our anniversary! Enter: http://secure-bank.ml/verify,1,deals782@urgent-alert.ml,Unknown
"Dear Sarah, we are pleased to inform you that your expense has been approved. Congratulations!",0,kevin_santos@techcorp.com,Windows PC (Outlook)
Your American Express account has suspicious activity. Verify your credentials NOW to prevent fraud: http://exclusive-deal.bid/buy,1,reward-service@amaz0n-verify.net,Bulk Mailer
Your package is waiting! We tried to deliver but no one was home. Reschedule: http://winner-selected.tk/claim,1,verify352@no-reply-bank.info,Web (Proxy)
"Hi team, the deadline for the Summit project has been moved to March 15. Please update your schedules accordingly.",0,robertj@techcorp.com,Linux (Thunderbird)
"Get RICH quick! Invest $49.99 in crypto and earn $100,000 in 13 days! Start now: http://urgent-update.info/act",1,customer-service@insurance-deal.top,Automated System
"Hi Sarah, attached is the invoice for May. Payment is due by May 1. Let me know if you have questions.",0,jenniferb@media.com,Web (Yahoo Mail)
"Good morning team, please note that the office will be closed on March 20 for conference. Plan accordingly.",0,rachelg@hotmail.com,Android (Samsung Mail)
"Hi Mark, just a reminder about our meeting tomorrow at 4:30 PM. Please bring the financial report. Thanks!",0,patricia_thomas@hospital.org,Windows PC (Windows Mail)
"Dear Kevin, please find attached the marketing plan for your review. Let me know if you have any questions. Best regards.",0,kthomas@lawfirm.com,Linux (Thunderbird)
"YOU HAVE BEEN SELECTED for a special government grant of $500,000. Apply now: http://free-offer.click/get",1,notification-dept@totallylegit123.top,Web (Proxy)
"Dear David, your order #516656 has been shipped and will arrive by April 15. Track it at our website.",0,priya.kim@lawfirm.com,Chromebook (Gmail Web)
"Hi Chris, the cloud migration workshop has been rescheduled to April 15. Please update your calendar.",0,daniel.clark@techcorp.com,iPad (iOS Mail)
"ATTENTION: You have an unclaimed inheritance of $5,000 from a distant relative. Contact us immediately.",1,promo-dept@win-big-today.bid,Bot Sender
Amazing investment opportunity! Double your money in 24 days guaranteed! Start: http://exclusive-deal.bid/buy,1,noreply677@totallylegit123.top,Web (Proxy)
"Hi Sarah, the office printer on the 3rd floor is fixed now. Sorry for the inconvenience.",0,laura.lee@accounting.com,Chromebook (Gmail Web)
"Dear Mark, your package has been delivered to the front desk. Please pick it up at your convenience.",0,jenniferw@company.com,iPhone (iOS Mail)
WARNING: 46 people in your area are viewing your profile! See who: http://exclusive-deal.bid/buy,1,verify909@offer-expire.click,Web (Proxy)
"ATTENTION: You have an unclaimed inheritance of $1,000,000 from a distant relative. Contact us immediately.",1,winner-team@insurance-deal.top,Unknown
"Hey Lisa, do you want to carpool to the training session on Thursday? Let me know!",0,sclark@company.com,Windows PC (Thunderbird)
"Dear Anna, your package has been delivered to the front desk. Please pick it up at your convenience.",0,paul_jones@lawfirm.com,iPhone (Gmail App)
"Hey David, I found that article about product development you were looking for. I'll forward it to you.",0,andrew_patel@bank.com,MacOS (Gmail Web)
"Hello, I am a General from United Kingdom. I have a business proposal worth $5,000. Please reply for details.",1,verify@claim-reward.click,Automated System
"Dear David, we are pleased to inform you that your performance review has been approved. Congratulations!",0,annah@gmail.com,Windows PC (Gmail Web)
"Hi James, please verify your email address to claim your $500,000 gift card: https://bit.ly/3xFAKE1",1,reward430@cashprize.tk,Android (Gmail App)
"Dear friend, I am writing to you because I need your urgent assistance to transfer $1,000,000 from India.",1,prize@no-reply-bank.info,Unknown
"Lisa, could you please forward the status update to the supply chain committee? They need it before Friday.",0,lindak@school.edu,MacOS (Apple Mail)
"Hi Mike, I'll be out of office from March 5 to April 8. Chris will handle any urgent matters.",0,sophia_jones@gmail.com,Windows PC (Thunderbird)
"YOU WON'T BELIEVE THIS DEAL! designer wallet for only $19.99! Regular price $2,500! Order: http://act-now-win.xyz/prize",1,verify-service@claim-reward.click,Unknown
"Hi Maria, the quarterly performance review report is now available. Please review it before our meeting on Tuesday.",0,robert.kim@accounting.com,Android (Gmail App)
IMPORTANT: Your Wells Fargo account statement is ready. Download it here: http://winner-selected.tk/claim (contains malware attachment),1,noreply689@free-prizes-now.xyz,MacOS (Apple Mail)
"Dear valued customer, you are eligible for a CASH BACK reward of $5,000. Claim before March 20: http://promo-special.ga/offer",1,security@amaz0n-verify.net,Bot Sender
"Hi Lisa, just a reminder about our meeting tomorrow at 4:30 PM. Please bring the status update report. Thanks!",0,mclark@university.edu,Windows PC (Outlook)
"Hi Lisa, I hope you're doing well. I wanted to check in about the Phoenix project status.",0,diana_johnson@hospital.org,Windows PC (Thunderbird)
"Dear valued customer, you are eligible for a CASH BACK reward of $500,000. Claim before March 15: http://secure-bank.ml/verify",1,verify@offer-expire.click,Web (Unknown Client)
"Hi Mark, I noticed you were absent today. Hope everything is okay. Let me know if you need anything.",0,melissa.patel@hospital.org,Windows PC (Outlook)
"Hey John, do you want to carpool to the team building on Tuesday? Let me know!",0,msantos@company.com,Web (Yahoo Mail)
"FLASH SALE: Buy 1 Get 3 FREE on all Samsung Galaxy! Hurry, offer ends in 9 hours: http://winner-selected.tk/claim",1,prize384@promo-deals99.xyz,MacOS (Apple Mail)
"Hi Diana, the data analytics seminar was really informative. I took notes and can share them with you if interested.",0,jtaylor@government.gov,Chromebook (Gmail Web)
"Dear James, welcome to InnovateCo! Your employee ID is ready. Please visit HR on your first day.",0,awilliams@outlook.com,Android (Outlook App)
"Dear Professor Lisa, I have a question about the marketing strategy assignment due on Friday. Could I visit during office hours?",0,mlee@workplace.org,Windows PC (Windows Mail)
"BREAKING NEWS: Earn $10,000 per hour from your phone! Thousands already joined: https://t.co/fakelink99",1,promo168@offer-expire.click,Unknown
Free AirPods giveaway! We're giving away 25 units to celebrate our anniversary! Enter: http://promo-special.ga/offer,1,verify@verify-account.ga,Unknown
URGENT: Your account has been compromised! Verify your identity immediately at http://exclusive-deal.bid/buy or your account will be suspended.,1,admin-service@discount-meds.info,Unknown
LIMITED TIME: Get FREE fitness tracker samples! Just pay shipping of $4.99. Claim here: http://free-offer.click/get,1,offer284@discount-meds.info,Unknown
ALERT: Someone tried to log into your account from Russia. Secure your account: https://t.co/fakelink99,1,admin225@urgent-alert.ml,Unknown
"Hey Diana, do you have the notes from yesterday's budget planning class? I missed it due to a doctor's appointment.",0,ashley.chen@outlook.com,Linux (Thunderbird)
DISCOUNT ALERT: 7% off all Samsung Galaxy! Today only! Use code FREE10: http://verify-account.top/login,1,noreply-dept@support-paypa1.com,Unknown
"Dear Rachel, your library books are due on May 1. Please return or renew them to avoid late fees.",0,andrew.wilson@consulting.com,Chromebook (Gmail Web)
"Good morning team, please note that the office will be closed on March 15 for workshop. Plan accordingly.",0,canderson@hotmail.com,Android (Gmail App)
Amazing investment opportunity! Double your money in 43 days guaranteed! Start: https://t.co/fakelink99,1,security115@claim-reward.click,Web (Proxy)
"Hi Rachel, I've updated the shared performance review with the latest numbers. Please take a look when you get a chance.",0,priya.johnson@workplace.org,Windows PC (Thunderbird)
"Hi John, I'll be out of office from May 1 to March 10. Tom will handle any urgent matters.",0,daniel.patel@gmail.com,Windows PC (Gmail Web)
FREE Samsung Galaxy for the first 100 people! Limited time offer. Act NOW before it expires! http://secure-bank.ml/verify,1,helpdesk-dept@verify-account.ga,Unknown
FREE Samsung Galaxy for the first 100 people! Limited time offer. Act NOW before it expires! http://verify-account.top/login,1,deals-service@promo-deals99.xyz,MacOS (Apple Mail)
Shocking: Elon Musk uses this one trick to stay young! Try it FREE: http://secure-bank.ml/verify,1,verify-dept@verify-account.ga,Unknown
"Hi David, the team lunch is this Thursday at 1:00 PM. We're going to Japanese restaurant. Let me know if you can make it.",0,karen.kim@bank.com,Windows PC (Gmail Web)
"Hi Lisa, I've updated the shared expense with the latest numbers. Please take a look when you get a chance.",0,ymiller@accounting.com,iPhone (Gmail App)
WARNING: 27 people in your area are viewing your profile! See who: http://act-now-win.xyz/prize,1,winner398@cashprize.tk,Unknown
"Mark, are we still on for the training session this weekend? Let me know so I can make arrangements.",0,ahmed_patel@gmail.com,Web (Outlook.com)
"Sarah, can you send me the updated annual file? I need it for the presentation on Friday.",0,william_garcia@techcorp.com,Web (Yahoo Mail)
DISCOUNT ALERT: 34% off all luxury handbag! Today only! Use code FREE11: http://exclusive-deal.bid/buy,1,update-dept@promo-deals99.xyz,Unknown
"Dear Maria, your subscription has been renewed. Your next billing date is May 10. Thank you for being a member.",0,mariag@hospital.org,Linux (Thunderbird)
"Dear Anna, your medical test results are ready. Please log in to the patient portal or call our office.",0,jwilson@outlook.com,Windows PC (Windows Mail)
"Hi everyone, attached is the agenda for our weekly data analytics meeting. See you at 11:00 AM.",0,kevin_walker@workplace.org,iPhone (Gmail App)
"Sophie, can you send me the updated marketing plan file? I need it for the presentation on Thursday.",0,lindam@outlook.com,Web (Outlook.com)
"Hey Mark, do you have the notes from yesterday's customer feedback class? I missed it due to a doctor's appointment.",0,alex_williams@university.edu,Android (Outlook App)
"Dear Rachel, your medical test results are ready. Please log in to the patient portal or call our office.",0,jennifer.jones@school.edu,Web (Outlook.com)
FREE TRIAL: Premium MacBook subscription. No credit card required! Sign up: https://bit.ly/3xFAKE1,1,support@support-paypa1.com,Mass Mail Server
"Good afternoon Mike, I'm writing to confirm your reservation for March 5 at 4:30 PM. See you then!",0,mark_martinez@workplace.org,Windows PC (Thunderbird)
"Hello, I am a Barrister from United Kingdom. I have a business proposal worth $50,000. Please reply for details.",1,customer-service-service@insurance-deal.top,Bulk Mailer
"Good morning team, please note that the office will be closed on April 8 for conference. Plan accordingly.",0,yjohnson@hospital.org,MacOS (Apple Mail)
"Make money online! Earn $2,500 daily with our proven system. No skills needed! Join: http://claim-prize-now.xyz/win",1,offer@urgent-alert.ml,Unknown
"Dear valued customer, you are eligible for a CASH BACK reward of $500,000. Claim before March 20: http://exclusive-deal.bid/buy",1,winner@win-big-today.bid,iPhone (iOS Mail)
Free AirPods giveaway! We're giving away 8 units to celebrate our anniversary! Enter: https://t.co/fakelink99,1,offer7@promo-deals99.xyz,Unknown
"Dear Tom, your subscription has been renewed. Your next billing date is March 15. Thank you for being a member.",0,carlos.brown@company.com,Android (Outlook App)
"Hi team, the deadline for the Summit project has been moved to March 15. Please update your schedules accordingly.",0,patricia_davis@hospital.org,iPhone (iOS Mail)
"Hey Sophie, great presentation today! The team really liked your ideas about marketing strategy.",0,priya.chen@techcorp.com,Android (Outlook App)
"Hi Maria, the office printer on the 3rd floor is fixed now. Sorry for the inconvenience.",0,karent@outlook.com,iPad (iOS Mail)
"Hey Diana, I have $250,000 that I need to transfer. I will give you 30% if you help. Reply urgently.",1,promo-team@crypto-invest.xyz,Automated System
"YOU WON'T BELIEVE THIS DEAL! Nike shoes for only $99! Regular price $100,000! Order: https://t.co/fakelink99",1,info70@support-paypa1.com,Unknown
ALERT: Someone tried to log into your account from Russia. Secure your account: http://secure-bank.ml/verify,1,admin-team@insurance-deal.top,Automated System
"Hi, we noticed your Bank of America payment failed. Update your billing info immediately: http://limited-time.cf/deal",1,deals994@offer-expire.click,Unknown
"Hey Anna, do you want to carpool to the conference on Monday? Let me know!",0,chent@techcorp.com,iPad (iOS Mail)
"Good morning Tom, I wanted to share some feedback on the Eclipse. Overall it looks great with a few tweaks needed.",0,ssantos@gmail.com,Android (Outlook App)
"Hey Maria, do you have the notes from yesterday's customer feedback class? I missed it due to a doctor's appointment.",0,chenc@accounting.com,Web (Outlook.com)
"Dear Emma, welcome to InnovateCo! Your employee ID is ready. Please visit HR on your first day.",0,ashley.wilson@accounting.com,Windows PC (Outlook)
"FREE MONEY! Get $75,000 deposited into your account today! No payback required! Apply: http://secure-bank.ml/verify",1,update399@free-prizes-now.xyz,Unknown
"Dear Diana, you have 23 unread messages from attractive singles in your area! View now: https://bit.ly/3xFAKE1",1,update@promo-deals99.xyz,Automated System
"Dear Rachel, your library books are due on May 1. Please return or renew them to avoid late fees.",0,sarah_clark@accounting.com,Web (Outlook.com)
"Hi David, I've updated the shared inventory with the latest numbers. Please take a look when you get a chance.",0,agarcia@lawfirm.com,Chromebook (Gmail Web)
"Hi Sarah, attached is the invoice for May. Payment is due by May 1. Let me know if you have questions.",0,robert_brown@government.gov,Linux (Thunderbird)
"Good morning team, please note that the office will be closed on May 10 for team building. Plan accordingly.",0,steven.davis@company.com,MacOS (Gmail Web)
"Hi Lisa, I hope you're doing well. I wanted to check in about the Beta project status.",0,alex.hall@university.edu,Android (Outlook App)
"Dear James, welcome to TechCorp! Your employee ID is ready. Please visit HR on your first day.",0,danielw@government.gov,Chromebook (Gmail Web)
"ATTENTION: You have an unclaimed inheritance of $5,000 from a distant relative. Contact us immediately.",1,update-dept@verify-account.ga,Web (Unknown Client)
"Hi everyone, attached is the agenda for our weekly product development meeting. See you at 3:00 PM.",0,anna_wilson@techcorp.com,MacOS (Apple Mail)
